Datetime,kwh
20-01-2020 00:00,0.0842
20-01-2020 01:00,0.0861
20-01-2020 02:00,0.1089
20-01-2020 03:00,0.079
20-01-2020 04:00,0.0437
20-01-2020 05:00,0.1041
20-01-2020 06:00,0.0775
20-01-2020 07:00,0.1681
20-01-2020 08:00,0.0416
20-01-2020 09:00,0.0286
20-01-2020 10:00,0.1336
20-01-2020 11:00,0.1586
20-01-2020 12:00,0.3662
20-01-2020 13:00,0.2583
20-01-2020 14:00,0.2411
20-01-2020 15:00,0.2584
20-01-2020 16:00,0.2023
20-01-2020 17:00,0.2503
20-01-2020 18:00,0.237
20-01-2020 19:00,0.2082
20-01-2020 20:00,0.4539
20-01-2020 21:00,0.2816
20-01-2020 22:00,0.2558
20-01-2020 23:00,0.0755
21-01-2020 00:00,0.1017
21-01-2020 01:00,0.0912
21-01-2020 02:00,0.0891
21-01-2020 03:00,0.0977
21-01-2020 04:00,0.0989
21-01-2020 05:00,0.0749
21-01-2020 06:00,0.0918
21-01-2020 07:00,0.284
21-01-2020 08:00,0.1857
21-01-2020 09:00,0.1713
21-01-2020 10:00,0.1435
21-01-2020 11:00,0.1173
21-01-2020 12:00,0.2084
21-01-2020 13:00,0.1337
21-01-2020 14:00,0.077
21-01-2020 15:00,0.1589
21-01-2020 16:00,0.2406
21-01-2020 17:00,0.3
21-01-2020 18:00,0.2873
21-01-2020 19:00,0.6404
21-01-2020 20:00,0.5229
21-01-2020 21:00,0.2883
21-01-2020 22:00,0.1235
21-01-2020 23:00,0.0978
22-01-2020 00:00,0.0782
22-01-2020 01:00,0.1011
22-01-2020 02:00,0.0933
22-01-2020 03:00,0.0947
22-01-2020 04:00,0.078
22-01-2020 05:00,0.092
22-01-2020 06:00,0.0985
22-01-2020 07:00,0.1506
22-01-2020 08:00,0.1941
22-01-2020 09:00,0.1463
22-01-2020 10:00,0.1157
22-01-2020 11:00,0.1493
22-01-2020 12:00,0.128
22-01-2020 13:00,0.0978
22-01-2020 14:00,0.1402
22-01-2020 15:00,0.3225
22-01-2020 16:00,0.2518
22-01-2020 17:00,0.2266
22-01-2020 18:00,0.2536
22-01-2020 19:00,0.3481
22-01-2020 20:00,0.2778
22-01-2020 21:00,0.2975
22-01-2020 22:00,0.1556
22-01-2020 23:00,0.0771
23-01-2020 00:00,0.0972
23-01-2020 01:00,0.0933
23-01-2020 02:00,0.1095
23-01-2020 03:00,0.0714
23-01-2020 04:00,0.109
23-01-2020 05:00,0.0958
23-01-2020 06:00,0.086
23-01-2020 07:00,0.2433
23-01-2020 08:00,0.1675
23-01-2020 09:00,0.2235
23-01-2020 10:00,0.1364
23-01-2020 11:00,0.1107
23-01-2020 12:00,0.156
23-01-2020 13:00,0.1391
23-01-2020 14:00,0.2284
23-01-2020 15:00,0.2612
23-01-2020 16:00,0.2459
23-01-2020 17:00,0.2714
23-01-2020 18:00,0.2716
23-01-2020 19:00,0.471
23-01-2020 20:00,0.2121
23-01-2020 21:00,0.1882
23-01-2020 22:00,0.1932
23-01-2020 23:00,0.0924
24-01-2020 00:00,0.0976
24-01-2020 01:00,0.0898
24-01-2020 02:00,0.0862
24-01-2020 03:00,0.0859
24-01-2020 04:00,0.0984
24-01-2020 05:00,0.0982
24-01-2020 06:00,0.091
24-01-2020 07:00,0.0965
24-01-2020 08:00,0.2021
24-01-2020 09:00,0.124
24-01-2020 10:00,0.8997
24-01-2020 11:00,0.167
24-01-2020 12:00,0.1816
24-01-2020 13:00,0.1355
24-01-2020 14:00,0.1678
24-01-2020 15:00,0.2466
24-01-2020 16:00,0.2287
24-01-2020 17:00,0.2795
24-01-2020 18:00,0.3399
24-01-2020 19:00,0.3632
24-01-2020 20:00,0.2142
24-01-2020 21:00,0.1586
24-01-2020 22:00,0.3574
24-01-2020 23:00,0.3691
25-01-2020 00:00,0.1273
25-01-2020 01:00,0.1242
25-01-2020 02:00,0.1425
25-01-2020 03:00,0.1267
25-01-2020 04:00,0.1135
25-01-2020 05:00,0.1439
25-01-2020 06:00,0.1297
25-01-2020 07:00,0.2218
25-01-2020 08:00,0.2594
25-01-2020 09:00,0.223
25-01-2020 10:00,0.1458
25-01-2020 11:00,0.1712
25-01-2020 12:00,0.191
25-01-2020 13:00,0.2909
25-01-2020 14:00,0.2145
25-01-2020 15:00,0.2996
25-01-2020 16:00,0.2879
25-01-2020 17:00,0.238
25-01-2020 18:00,0.2706
25-01-2020 19:00,0.5831
25-01-2020 20:00,0.3555
25-01-2020 21:00,0.3287
25-01-2020 22:00,0.2897
25-01-2020 23:00,0.1222
26-01-2020 00:00,0.1294
26-01-2020 01:00,0.1421
26-01-2020 02:00,0.1008
26-01-2020 03:00,0.1416
26-01-2020 04:00,0.1962
26-01-2020 05:00,0.118
26-01-2020 06:00,0.1598
26-01-2020 07:00,0.2141
26-01-2020 08:00,0.2628
26-01-2020 09:00,0.1249
26-01-2020 10:00,0.3305
26-01-2020 11:00,0.2494
26-01-2020 12:00,0.1437
26-01-2020 13:00,0.0952
26-01-2020 14:00,0.0795
26-01-2020 15:00,0.1075
26-01-2020 16:00,0.125
26-01-2020 17:00,0.1135
26-01-2020 18:00,0.1738
26-01-2020 19:00,0.2812
26-01-2020 20:00,0.2879
26-01-2020 21:00,0.4272
26-01-2020 22:00,0.1916
26-01-2020 23:00,0.1114
27-01-2020 00:00,0.0798
27-01-2020 01:00,0.0889
27-01-2020 02:00,0.106
27-01-2020 03:00,0.0846
27-01-2020 04:00,0.0916
27-01-2020 05:00,0.1041
27-01-2020 06:00,0.0775
27-01-2020 07:00,0.1681
27-01-2020 08:00,0.2625
27-01-2020 09:00,0.1734
27-01-2020 10:00,0.1389
27-01-2020 11:00,0.1422
27-01-2020 12:00,0.1413
27-01-2020 13:00,0.121
27-01-2020 14:00,0.156
27-01-2020 15:00,0.2447
27-01-2020 16:00,0.1419
27-01-2020 17:00,0.1299
27-01-2020 18:00,0.0948
27-01-2020 19:00,0.1415
27-01-2020 20:00,0.2821
27-01-2020 21:00,0.2595
27-01-2020 22:00,0.2869
27-01-2020 23:00,0.8771
28-01-2020 00:00,0.101
28-01-2020 01:00,0.0886
28-01-2020 02:00,0.0952
28-01-2020 03:00,0.0968
28-01-2020 04:00,0.078
28-01-2020 05:00,0.1108
28-01-2020 06:00,0.0923
28-01-2020 07:00,0.0802
28-01-2020 08:00,0.176
28-01-2020 09:00,0.4437
28-01-2020 10:00,0.4433
28-01-2020 11:00,0.1562
28-01-2020 12:00,0.166
28-01-2020 13:00,0.2062
28-01-2020 14:00,0.1969
28-01-2020 15:00,0.2439
28-01-2020 16:00,0.2764
28-01-2020 17:00,0.2736
28-01-2020 18:00,0.3008
28-01-2020 19:00,0.2624
28-01-2020 20:00,0.3421
28-01-2020 21:00,0.2665
28-01-2020 22:00,0.2299
28-01-2020 23:00,0.1643
29-01-2020 00:00,0.108
29-01-2020 01:00,0.1333
29-01-2020 02:00,0.1438
29-01-2020 03:00,0.1125
29-01-2020 04:00,0.1291
29-01-2020 05:00,0.1333
29-01-2020 06:00,0.1212
29-01-2020 07:00,0.1221
29-01-2020 08:00,0.2071
29-01-2020 09:00,0.187
29-01-2020 10:00,0.2298
29-01-2020 11:00,0.2843
29-01-2020 12:00,0.2165
29-01-2020 13:00,0.2472
29-01-2020 14:00,0.2304
29-01-2020 15:00,0.2372
29-01-2020 16:00,0.5264
29-01-2020 17:00,0.6366
29-01-2020 18:00,0.5107
29-01-2020 19:00,0.7105
29-01-2020 20:00,0.6871
29-01-2020 21:00,0.3525
29-01-2020 22:00,0.2715
29-01-2020 23:00,0.2115
30-01-2020 00:00,0.1915
30-01-2020 01:00,0.2138
30-01-2020 02:00,0.1869
30-01-2020 03:00,0.193
30-01-2020 04:00,0.1929
30-01-2020 05:00,0.1794
30-01-2020 06:00,0.1496
30-01-2020 07:00,0.1028
30-01-2020 08:00,0.2167
30-01-2020 09:00,0.1821
30-01-2020 10:00,0.1711
30-01-2020 11:00,0.129
30-01-2020 12:00,0.2264
30-01-2020 13:00,0.3219
30-01-2020 14:00,0.2477
30-01-2020 15:00,0.2935
30-01-2020 16:00,0.307
30-01-2020 17:00,0.3516
30-01-2020 18:00,0.3586
30-01-2020 19:00,0.3932
30-01-2020 20:00,0.3106
30-01-2020 21:00,0.2883
30-01-2020 22:00,0.1432
30-01-2020 23:00,0.1247
31-01-2020 00:00,0.127
31-01-2020 01:00,0.1352
31-01-2020 02:00,0.1425
31-01-2020 03:00,0.1332
31-01-2020 04:00,0.1139
31-01-2020 05:00,0.1373
31-01-2020 06:00,0.1416
31-01-2020 07:00,0.2466
31-01-2020 08:00,0.1472
31-01-2020 09:00,0.1689
31-01-2020 10:00,0.2439
31-01-2020 11:00,0.2111
31-01-2020 12:00,0.2958
31-01-2020 13:00,0.1583
31-01-2020 14:00,0.1665
31-01-2020 15:00,0.1511
31-01-2020 16:00,0.1932
31-01-2020 17:00,0.2264
31-01-2020 18:00,0.1743
31-01-2020 19:00,0.1521
31-01-2020 20:00,0.1634
31-01-2020 21:00,0.1354
31-01-2020 22:00,0.1226
31-01-2020 23:00,0.1573
01-02-2020 00:00,0.1063
01-02-2020 01:00,0.0784
01-02-2020 02:00,0.0995
01-02-2020 03:00,0.0994
01-02-2020 04:00,0.08
01-02-2020 05:00,0.0985
01-02-2020 06:00,0.0869
01-02-2020 07:00,0.0833
01-02-2020 08:00,0.1871
01-02-2020 09:00,0.1124
01-02-2020 10:00,0.1138
01-02-2020 11:00,0.1759
01-02-2020 12:00,0.1711
01-02-2020 13:00,0.1295
01-02-2020 14:00,0.1231
01-02-2020 15:00,0.1521
01-02-2020 16:00,0.1337
01-02-2020 17:00,0.1661
01-02-2020 18:00,0.1656
01-02-2020 19:00,0.1701
01-02-2020 20:00,0.1929
01-02-2020 21:00,0.1619
01-02-2020 22:00,0.1635
01-02-2020 23:00,0.1788
02-02-2020 00:00,0.2213
02-02-2020 01:00,0.1685
02-02-2020 02:00,0.1364
02-02-2020 03:00,0.1416
02-02-2020 04:00,0.1962
02-02-2020 05:00,0.118
02-02-2020 06:00,0.1598
02-02-2020 07:00,0.2141
02-02-2020 08:00,0.2628
02-02-2020 09:00,0.0997
02-02-2020 10:00,0.2108
02-02-2020 11:00,0.2124
02-02-2020 12:00,0.1837
02-02-2020 13:00,0.1779
02-02-2020 14:00,0.1759
02-02-2020 15:00,0.2528
02-02-2020 16:00,0.284
02-02-2020 17:00,0.2614
02-02-2020 18:00,0.1648
02-02-2020 19:00,0.1432
02-02-2020 20:00,0.1296
02-02-2020 21:00,0.165
02-02-2020 22:00,0.2066
02-02-2020 23:00,0.1012
03-02-2020 00:00,0.1031
03-02-2020 01:00,0.1041
03-02-2020 02:00,0.0968
03-02-2020 03:00,0.0879
03-02-2020 04:00,0.0994
03-02-2020 05:00,0.1018
03-02-2020 06:00,0.088
03-02-2020 07:00,0.2049
03-02-2020 08:00,0.169
03-02-2020 09:00,0.1589
03-02-2020 10:00,0.1838
03-02-2020 11:00,0.1853
03-02-2020 12:00,0.6096
03-02-2020 13:00,0.1398
03-02-2020 14:00,0.2674
03-02-2020 15:00,0.2498
03-02-2020 16:00,0.2615
03-02-2020 17:00,0.3072
03-02-2020 18:00,0.2805
03-02-2020 19:00,0.3048
03-02-2020 20:00,0.3738
03-02-2020 21:00,0.234
03-02-2020 22:00,0.2046
03-02-2020 23:00,0.1019
04-02-2020 00:00,0.1138
04-02-2020 01:00,0.1191
04-02-2020 02:00,0.1233
04-02-2020 03:00,0.1181
04-02-2020 04:00,0.137
04-02-2020 05:00,0.1336
04-02-2020 06:00,0.1858
04-02-2020 07:00,0.132
04-02-2020 08:00,0.135
04-02-2020 09:00,0.1422
04-02-2020 10:00,0.1685
04-02-2020 11:00,0.1401
04-02-2020 12:00,0.5269
04-02-2020 13:00,0.1764
04-02-2020 14:00,0.1306
04-02-2020 15:00,0.1786
04-02-2020 16:00,0.1798
04-02-2020 17:00,0.2452
04-02-2020 18:00,0.2871
04-02-2020 19:00,0.3042
04-02-2020 20:00,0.4076
04-02-2020 21:00,0.3558
04-02-2020 22:00,0.1898
04-02-2020 23:00,0.0935
05-02-2020 00:00,0.0963
05-02-2020 01:00,0.0815
05-02-2020 02:00,0.0988
05-02-2020 03:00,0.0976
05-02-2020 04:00,0.0461
05-02-2020 05:00,0.0742
05-02-2020 06:00,0.065
05-02-2020 07:00,0.162
05-02-2020 08:00,0.2698
05-02-2020 09:00,0.3242
05-02-2020 10:00,0.1764
05-02-2020 11:00,0.1806
05-02-2020 12:00,0.2502
05-02-2020 13:00,0.435
05-02-2020 14:00,0.1561
05-02-2020 15:00,0.2753
05-02-2020 16:00,0.2694
05-02-2020 17:00,0.313
05-02-2020 18:00,0.3156
05-02-2020 19:00,0.4154
05-02-2020 20:00,0.4642
05-02-2020 21:00,0.3178
05-02-2020 22:00,0.2213
05-02-2020 23:00,0.1011
06-02-2020 00:00,0.1095
06-02-2020 01:00,0.0796
06-02-2020 02:00,0.0889
06-02-2020 03:00,0.0092
06-02-2020 04:00,0.0814
06-02-2020 05:00,0.0891
06-02-2020 06:00,0.1059
06-02-2020 07:00,0.0749
06-02-2020 08:00,0.2167
06-02-2020 09:00,0.1821
06-02-2020 10:00,0.1504
06-02-2020 11:00,0.1852
06-02-2020 12:00,0.1637
06-02-2020 13:00,0.1128
06-02-2020 14:00,0.1111
06-02-2020 15:00,0.5114
06-02-2020 16:00,0.2252
06-02-2020 17:00,0.2949
06-02-2020 18:00,0.3891
06-02-2020 19:00,0.6145
06-02-2020 20:00,0.3352
06-02-2020 21:00,0.3243
06-02-2020 22:00,0.3256
06-02-2020 23:00,0.6404
07-02-2020 00:00,0.0641
07-02-2020 01:00,0.0531
07-02-2020 02:00,0.0692
07-02-2020 03:00,0.0673
07-02-2020 04:00,0.0745
07-02-2020 05:00,0.0363
07-02-2020 06:00,0.1146
07-02-2020 07:00,0.1311
07-02-2020 08:00,0.1318
07-02-2020 09:00,0.1618
07-02-2020 10:00,0.1376
07-02-2020 11:00,0.1904
07-02-2020 12:00,0.0956
07-02-2020 13:00,0.0961
07-02-2020 14:00,0.1963
07-02-2020 15:00,0.2445
07-02-2020 16:00,0.2378
07-02-2020 17:00,0.26
07-02-2020 18:00,0.267
07-02-2020 19:00,0.2828
07-02-2020 20:00,0.2916
07-02-2020 21:00,0.286
07-02-2020 22:00,0.2737
07-02-2020 23:00,0.0592
08-02-2020 00:00,0.0589
08-02-2020 01:00,0.0741
08-02-2020 02:00,0.0666
08-02-2020 03:00,0.0439
08-02-2020 04:00,0.0751
08-02-2020 05:00,0.0567
08-02-2020 06:00,0.0604
08-02-2020 07:00,0.1277
08-02-2020 08:00,0.1285
08-02-2020 09:00,0.2092
08-02-2020 10:00,0.1713
08-02-2020 11:00,0.1348
08-02-2020 12:00,0.1352
08-02-2020 13:00,0.1879
08-02-2020 14:00,0.1125
08-02-2020 15:00,0.1689
08-02-2020 16:00,0.2126
08-02-2020 17:00,0.2439
08-02-2020 18:00,0.382
08-02-2020 19:00,0.4944
08-02-2020 20:00,0.3046
08-02-2020 21:00,0.3509
08-02-2020 22:00,0.5189
08-02-2020 23:00,0.122
09-02-2020 00:00,0.0735
09-02-2020 01:00,0.0605
09-02-2020 02:00,0.0688
09-02-2020 03:00,0.075
09-02-2020 04:00,0.0362
09-02-2020 05:00,0.0762
09-02-2020 06:00,0.1503
09-02-2020 07:00,0.0848
09-02-2020 08:00,0.1145
09-02-2020 09:00,0.0997
09-02-2020 10:00,0.2066
09-02-2020 11:00,0.1492
09-02-2020 12:00,0.1091
09-02-2020 13:00,0.0819
09-02-2020 14:00,0.0946
09-02-2020 15:00,0.1083
09-02-2020 16:00,0.1078
09-02-2020 17:00,0.2032
09-02-2020 18:00,0.2483
09-02-2020 19:00,0.7783
09-02-2020 20:00,0.2483
09-02-2020 21:00,0.2766
09-02-2020 22:00,0.1302
09-02-2020 23:00,0.0991
10-02-2020 00:00,0.0756
10-02-2020 01:00,0.1111
10-02-2020 02:00,0.0982
10-02-2020 03:00,0.0737
10-02-2020 04:00,0.1002
10-02-2020 05:00,0.0918
10-02-2020 06:00,0.1544
10-02-2020 07:00,0.1529
10-02-2020 08:00,0.1021
10-02-2020 09:00,0.149
10-02-2020 10:00,0.1959
10-02-2020 11:00,0.2049
10-02-2020 12:00,0.2381
10-02-2020 13:00,0.1976
10-02-2020 14:00,0.1787
10-02-2020 15:00,0.1358
10-02-2020 16:00,0.22
10-02-2020 17:00,0.2259
10-02-2020 18:00,0.2223
10-02-2020 19:00,0.2343
10-02-2020 20:00,0.2621
10-02-2020 21:00,0.2529
10-02-2020 22:00,0.0903
10-02-2020 23:00,0.0856
11-02-2020 00:00,0.0933
11-02-2020 01:00,0.1095
11-02-2020 02:00,0.072
11-02-2020 03:00,0.098
11-02-2020 04:00,0.099
11-02-2020 05:00,0.0767
11-02-2020 06:00,0.174
11-02-2020 07:00,0.2049
11-02-2020 08:00,0.1193
11-02-2020 09:00,0.154
11-02-2020 10:00,0.1692
11-02-2020 11:00,0.1848
11-02-2020 12:00,0.4122
11-02-2020 13:00,0.1104
11-02-2020 14:00,0.1031
11-02-2020 15:00,0.1973
11-02-2020 16:00,0.2169
11-02-2020 17:00,0.258
11-02-2020 18:00,0.1351
11-02-2020 19:00,0.2206
11-02-2020 20:00,0.2078
11-02-2020 21:00,0.2422
11-02-2020 22:00,0.1358
11-02-2020 23:00,0.0728
12-02-2020 00:00,0.0558
12-02-2020 01:00,0.0675
12-02-2020 02:00,0.0616
12-02-2020 03:00,0.0661
12-02-2020 04:00,0.0461
12-02-2020 05:00,0.0624
12-02-2020 06:00,0.1059
12-02-2020 07:00,0.1341
12-02-2020 08:00,0.3335
12-02-2020 09:00,0.079
12-02-2020 10:00,0.102
12-02-2020 11:00,0.2675
12-02-2020 12:00,0.7162
12-02-2020 13:00,0.2379
12-02-2020 14:00,0.0919
12-02-2020 15:00,0.147
12-02-2020 16:00,0.1791
12-02-2020 17:00,0.2482
12-02-2020 18:00,0.1997
12-02-2020 19:00,0.3427
12-02-2020 20:00,0.3759
12-02-2020 21:00,0.2699
12-02-2020 22:00,0.2699
12-02-2020 23:00,0.1196
13-02-2020 00:00,0.0981
13-02-2020 01:00,0.102
13-02-2020 02:00,0.0957
13-02-2020 03:00,0.1005
13-02-2020 04:00,0.0814
13-02-2020 05:00,0.0891
13-02-2020 06:00,0.1059
13-02-2020 07:00,0.162
13-02-2020 08:00,0.3675
13-02-2020 09:00,0.2118
13-02-2020 10:00,0.1282
13-02-2020 11:00,0.1205
13-02-2020 12:00,0.2266
13-02-2020 13:00,0.1027
13-02-2020 14:00,0.1112
13-02-2020 15:00,0.1233
13-02-2020 16:00,0.2442
13-02-2020 17:00,0.3025
13-02-2020 18:00,0.3273
13-02-2020 19:00,0.4511
13-02-2020 20:00,0.3382
13-02-2020 21:00,0.2643
13-02-2020 22:00,0.1681
13-02-2020 23:00,0.0308
14-02-2020 00:00,0.1316
14-02-2020 01:00,0.1144
14-02-2020 02:00,0.126
14-02-2020 03:00,0.1285
14-02-2020 04:00,0.1311
14-02-2020 05:00,0.0848
14-02-2020 06:00,0.0967
14-02-2020 07:00,0.0033
14-02-2020 08:00,0.149
14-02-2020 09:00,0.109
14-02-2020 10:00,0.1488
14-02-2020 11:00,0.4522
14-02-2020 12:00,0.2919
14-02-2020 13:00,0.1169
14-02-2020 14:00,0.1744
14-02-2020 15:00,0.188
14-02-2020 16:00,0.1832
14-02-2020 17:00,0.2394
14-02-2020 18:00,0.2683
14-02-2020 19:00,0.2802
14-02-2020 20:00,0.2549
14-02-2020 21:00,0.1
14-02-2020 22:00,0.1072
14-02-2020 23:00,0.1259
15-02-2020 00:00,0.0696
15-02-2020 01:00,0.0683
15-02-2020 02:00,0.0821
15-02-2020 03:00,0.0744
15-02-2020 04:00,0.0565
15-02-2020 05:00,0.0675
15-02-2020 06:00,0.0726
15-02-2020 07:00,0.082
15-02-2020 08:00,0.1259
15-02-2020 09:00,0.2785
15-02-2020 10:00,0.2565
15-02-2020 11:00,0.0962
15-02-2020 12:00,0.1633
15-02-2020 13:00,0.151
15-02-2020 14:00,0.1603
15-02-2020 15:00,0.2333
15-02-2020 16:00,0.2132
15-02-2020 17:00,0.2226
15-02-2020 18:00,0.2262
15-02-2020 19:00,0.279
15-02-2020 20:00,0.1251
15-02-2020 21:00,0.1102
15-02-2020 22:00,0.1042
15-02-2020 23:00,0.0991
16-02-2020 00:00,0.0825
16-02-2020 01:00,0.062
16-02-2020 02:00,0.0693
16-02-2020 03:00,0.0956
16-02-2020 04:00,0.0965
16-02-2020 05:00,0.076
16-02-2020 06:00,0.1051
16-02-2020 07:00,0.0997
16-02-2020 08:00,0.0367
16-02-2020 09:00,0.1116
16-02-2020 10:00,0.1206
16-02-2020 11:00,0.0874
16-02-2020 12:00,0.3769
16-02-2020 13:00,0.1783
16-02-2020 14:00,0.1014
16-02-2020 15:00,0.1283
16-02-2020 16:00,0.2412
16-02-2020 17:00,0.269
16-02-2020 18:00,0.2895
16-02-2020 19:00,0.2858
16-02-2020 20:00,0.3385
16-02-2020 21:00,0.3194
16-02-2020 22:00,0.2192
16-02-2020 23:00,0.1248
17-02-2020 00:00,0.0555
17-02-2020 01:00,0.0677
17-02-2020 02:00,0.0497
17-02-2020 03:00,0.0462
17-02-2020 04:00,0.0642
17-02-2020 05:00,0.0681
17-02-2020 06:00,0.0461
17-02-2020 07:00,0.0487
17-02-2020 08:00,0.0686
17-02-2020 09:00,0.0669
17-02-2020 10:00,0.0668
17-02-2020 11:00,0.3654
17-02-2020 12:00,0.643
17-02-2020 13:00,0.1312
17-02-2020 14:00,0.1103
17-02-2020 15:00,0.105
17-02-2020 16:00,0.1589
17-02-2020 17:00,0.1356
17-02-2020 18:00,0.1299
17-02-2020 19:00,0.1552
17-02-2020 20:00,0.2713
17-02-2020 21:00,0.3218
17-02-2020 22:00,0.2391
17-02-2020 23:00,0.0546
18-02-2020 00:00,0.0993
18-02-2020 01:00,0.0973
18-02-2020 02:00,0.0822
18-02-2020 03:00,0.0875
18-02-2020 04:00,0.0932
18-02-2020 05:00,0.0966
18-02-2020 06:00,0.0934
18-02-2020 07:00,0.134
18-02-2020 08:00,0.0514
18-02-2020 09:00,0.0914
18-02-2020 10:00,0.1407
18-02-2020 11:00,0.0986
18-02-2020 12:00,0.1077
18-02-2020 13:00,0.0974
18-02-2020 14:00,0.0765
18-02-2020 15:00,0.0763
18-02-2020 16:00,0.0724
18-02-2020 17:00,0.005
18-02-2020 18:00,0.0883
18-02-2020 19:00,0.4422
18-02-2020 20:00,0.2778
18-02-2020 21:00,0.3066
18-02-2020 22:00,0.2538
18-02-2020 23:00,0.0904
19-02-2020 00:00,0.1007
19-02-2020 01:00,0.0961
19-02-2020 02:00,0.0926
19-02-2020 03:00,0.0795
19-02-2020 04:00,0.0962
19-02-2020 05:00,0.0997
19-02-2020 06:00,0.0805
19-02-2020 07:00,0.0834
19-02-2020 08:00,0.1287
19-02-2020 09:00,0.1413
19-02-2020 10:00,0.0995
19-02-2020 11:00,0.0938
19-02-2020 12:00,0.1401
19-02-2020 13:00,0.0839
19-02-2020 14:00,0.0906
19-02-2020 15:00,0.1616
19-02-2020 16:00,0.1796
19-02-2020 17:00,0.2857
19-02-2020 18:00,0.2369
19-02-2020 19:00,0.7534
19-02-2020 20:00,0.323
19-02-2020 21:00,0.3104
19-02-2020 22:00,0.2751
19-02-2020 23:00,0.12
20-02-2020 00:00,0.0919
20-02-2020 01:00,0.0847
20-02-2020 02:00,0.0921
20-02-2020 03:00,0.0988
20-02-2020 04:00,0.1042
20-02-2020 05:00,0.0918
20-02-2020 06:00,0.084
20-02-2020 07:00,0.084
20-02-2020 08:00,0.0961
20-02-2020 09:00,0.1421
20-02-2020 10:00,0.4234
20-02-2020 11:00,0.1411
20-02-2020 12:00,0.168
20-02-2020 13:00,0.2012
20-02-2020 14:00,0.1387
20-02-2020 15:00,0.1097
20-02-2020 16:00,0.145
20-02-2020 17:00,0.1925
20-02-2020 18:00,0.2469
20-02-2020 19:00,0.3093
20-02-2020 20:00,0.2628
20-02-2020 21:00,0.2478
20-02-2020 22:00,0.2096
20-02-2020 23:00,0.1276
21-02-2020 00:00,0.1316
21-02-2020 01:00,0.1144
21-02-2020 02:00,0.126
21-02-2020 03:00,0.1285
21-02-2020 04:00,0.1311
21-02-2020 05:00,0.0848
21-02-2020 06:00,0.0967
21-02-2020 07:00,0.0929
21-02-2020 08:00,0.149
21-02-2020 09:00,0.109
21-02-2020 10:00,0.1488
21-02-2020 11:00,0.1393
21-02-2020 12:00,0.3044
21-02-2020 13:00,0.2174
21-02-2020 14:00,0.1406
21-02-2020 15:00,0.147
21-02-2020 16:00,0.2378
21-02-2020 17:00,0.2226
21-02-2020 18:00,0.2959
21-02-2020 19:00,0.9191
21-02-2020 20:00,0.2736
21-02-2020 21:00,0.2932
21-02-2020 22:00,0.2786
21-02-2020 23:00,0.2009
22-02-2020 00:00,0.1685
22-02-2020 01:00,0.0845
22-02-2020 02:00,0.1066
22-02-2020 03:00,0.0995
22-02-2020 04:00,0.0775
22-02-2020 05:00,0.0997
22-02-2020 06:00,0.0956
22-02-2020 07:00,0.082
22-02-2020 08:00,0.106
22-02-2020 09:00,0.1772
22-02-2020 10:00,0.1992
22-02-2020 11:00,0.2024
22-02-2020 12:00,0.1028
22-02-2020 13:00,0.1072
22-02-2020 14:00,0.1248
22-02-2020 15:00,0.6158
22-02-2020 16:00,0.707
22-02-2020 17:00,0.262
22-02-2020 18:00,0.3258
22-02-2020 19:00,0.1369
22-02-2020 20:00,0.1152
22-02-2020 21:00,0.1338
22-02-2020 22:00,0.1337
22-02-2020 23:00,0.3476
23-02-2020 00:00,0.0825
23-02-2020 01:00,0.1026
23-02-2020 02:00,0.0821
23-02-2020 03:00,0.0956
23-02-2020 04:00,0.0965
23-02-2020 05:00,0.076
23-02-2020 06:00,0.1051
23-02-2020 07:00,0.0997
23-02-2020 08:00,0.0367
23-02-2020 09:00,0.1181
23-02-2020 10:00,0.1354
23-02-2020 11:00,0.1485
23-02-2020 12:00,0.1377
23-02-2020 13:00,0.229
23-02-2020 14:00,0.0812
23-02-2020 15:00,0.0997
23-02-2020 16:00,0.0984
23-02-2020 17:00,0.1121
23-02-2020 18:00,0.1227
23-02-2020 19:00,0.1338
23-02-2020 20:00,0.1307
23-02-2020 21:00,0.9786
23-02-2020 22:00,0.1011
23-02-2020 23:00,0.0837
24-02-2020 00:00,0.087
24-02-2020 01:00,0.0982
24-02-2020 02:00,0.072
24-02-2020 03:00,0.0998
24-02-2020 04:00,0.0943
24-02-2020 05:00,0.0764
24-02-2020 06:00,0.1072
24-02-2020 07:00,0.077
24-02-2020 08:00,0.1737
24-02-2020 09:00,0.1836
24-02-2020 10:00,0.1894
24-02-2020 11:00,0.1783
24-02-2020 12:00,0.3457
24-02-2020 13:00,0.1338
24-02-2020 14:00,0.2373
24-02-2020 15:00,0.2512
24-02-2020 16:00,0.2309
24-02-2020 17:00,0.2318
24-02-2020 18:00,0.247
24-02-2020 19:00,0.3076
24-02-2020 20:00,0.3303
24-02-2020 21:00,0.1779
24-02-2020 22:00,0.1089
24-02-2020 23:00,0.0963
25-02-2020 00:00,0.0993
25-02-2020 01:00,0.0973
25-02-2020 02:00,0.0822
25-02-2020 03:00,0.0875
25-02-2020 04:00,0.0932
25-02-2020 05:00,0.0966
25-02-2020 06:00,0.0934
25-02-2020 07:00,0.134
25-02-2020 08:00,0.1316
25-02-2020 09:00,0.1324
25-02-2020 10:00,0.1929
25-02-2020 11:00,0.3687
25-02-2020 12:00,0.1645
25-02-2020 13:00,0.1356
25-02-2020 14:00,0.1514
25-02-2020 15:00,0.1473
25-02-2020 16:00,0.1723
25-02-2020 17:00,0.2004
25-02-2020 18:00,0.22
25-02-2020 19:00,0.2014
25-02-2020 20:00,0.2052
25-02-2020 21:00,0.206
25-02-2020 22:00,0.1358
25-02-2020 23:00,0.0913
26-02-2020 00:00,0.0864
26-02-2020 01:00,0.0964
26-02-2020 02:00,0.0974
26-02-2020 03:00,0.096
26-02-2020 04:00,0.0815
26-02-2020 05:00,0.1008
26-02-2020 06:00,0.1046
26-02-2020 07:00,0.0802
26-02-2020 08:00,0.2152
26-02-2020 09:00,0.1504
26-02-2020 10:00,0.1593
26-02-2020 11:00,0.2481
26-02-2020 12:00,0.2108
26-02-2020 13:00,0.1548
26-02-2020 14:00,0.127
26-02-2020 15:00,0.1233
26-02-2020 16:00,0.5526
26-02-2020 17:00,0.2174
26-02-2020 18:00,0.2463
26-02-2020 19:00,0.2197
26-02-2020 20:00,0.3844
26-02-2020 21:00,0.1759
26-02-2020 22:00,0.2751
26-02-2020 23:00,0.1791
27-02-2020 00:00,0.098
27-02-2020 01:00,0.0921
27-02-2020 02:00,0.0936
27-02-2020 03:00,0.0948
27-02-2020 04:00,0.0853
27-02-2020 05:00,0.0967
27-02-2020 06:00,0.1028
27-02-2020 07:00,0.1638
27-02-2020 08:00,0.1387
27-02-2020 09:00,0.4056
27-02-2020 10:00,0.2231
27-02-2020 11:00,0.1583
27-02-2020 12:00,0.3287
27-02-2020 13:00,0.1717
27-02-2020 14:00,0.1601
27-02-2020 15:00,0.2051
27-02-2020 16:00,0.2387
27-02-2020 17:00,0.2773
27-02-2020 18:00,0.405
27-02-2020 19:00,0.2822
27-02-2020 20:00,0.3074
27-02-2020 21:00,0.2727
27-02-2020 22:00,0.1276
27-02-2020 23:00,0.1054
28-02-2020 00:00,0.0955
28-02-2020 01:00,0.0962
28-02-2020 02:00,0.0831
28-02-2020 03:00,0.1033
28-02-2020 04:00,0.0941
28-02-2020 05:00,0.1027
28-02-2020 06:00,0.0781
28-02-2020 07:00,0.1646
28-02-2020 08:00,0.1146
28-02-2020 09:00,0.1664
28-02-2020 10:00,0.1939
28-02-2020 11:00,0.1538
28-02-2020 12:00,0.2798
28-02-2020 13:00,0.3471
28-02-2020 14:00,0.1543
28-02-2020 15:00,0.1203
28-02-2020 16:00,0.1216
28-02-2020 17:00,0.2333
28-02-2020 18:00,0.2307
28-02-2020 19:00,0.1589
28-02-2020 20:00,0.1239
28-02-2020 21:00,0.4395
28-02-2020 22:00,0.7483
28-02-2020 23:00,0.0977
29-02-2020 00:00,0.08
29-02-2020 01:00,0.1045
29-02-2020 02:00,0.0981
29-02-2020 03:00,0.077
29-02-2020 04:00,0.089
29-02-2020 05:00,0.0987
29-02-2020 06:00,0.0918
29-02-2020 07:00,0.1427
29-02-2020 08:00,0.1554
29-02-2020 09:00,0.1354
29-02-2020 10:00,0.1424
29-02-2020 11:00,0.2275
29-02-2020 12:00,0.1305
29-02-2020 13:00,0.1686
29-02-2020 14:00,0.2347
29-02-2020 15:00,0.212
29-02-2020 16:00,0.1944
29-02-2020 17:00,0.2099
29-02-2020 18:00,0.2657
29-02-2020 19:00,0.2942
29-02-2020 20:00,0.9515
29-02-2020 21:00,0.2743
29-02-2020 22:00,0.2153
29-02-2020 23:00,0.0978
01-03-2020 00:00,0.1026
01-03-2020 01:00,0.0975
01-03-2020 02:00,0.0981
01-03-2020 03:00,0.1015
01-03-2020 04:00,0.0949
01-03-2020 05:00,0.0938
01-03-2020 06:00,0.0898
01-03-2020 07:00,0.1456
01-03-2020 08:00,0.194
01-03-2020 09:00,0.5953
01-03-2020 10:00,0.2939
01-03-2020 11:00,0.1914
01-03-2020 12:00,0.1366
01-03-2020 13:00,0.1011
01-03-2020 14:00,0.1341
01-03-2020 15:00,0.1241
01-03-2020 16:00,0.1169
01-03-2020 17:00,0.1294
01-03-2020 18:00,0.1308
01-03-2020 19:00,0.1214
01-03-2020 20:00,0.1288
01-03-2020 21:00,0.1443
01-03-2020 22:00,0.5284
01-03-2020 23:00,0.2964
02-03-2020 00:00,0.0937
02-03-2020 01:00,0.0958
02-03-2020 02:00,0.0956
02-03-2020 03:00,0.0846
02-03-2020 04:00,0.0948
02-03-2020 05:00,0.0933
02-03-2020 06:00,0.1029
02-03-2020 07:00,0.0849
02-03-2020 08:00,0.1983
02-03-2020 09:00,0.1575
02-03-2020 10:00,0.1472
02-03-2020 11:00,0.5296
02-03-2020 12:00,0.6954
02-03-2020 13:00,0.2851
02-03-2020 14:00,0.1754
02-03-2020 15:00,0.2873
02-03-2020 16:00,0.2525
02-03-2020 17:00,0.25
02-03-2020 18:00,0.181
02-03-2020 19:00,0.3436
02-03-2020 20:00,0.2228
02-03-2020 21:00,0.2345
02-03-2020 22:00,0.238
02-03-2020 23:00,0.1872
03-03-2020 00:00,0.1325
03-03-2020 01:00,0.0786
03-03-2020 02:00,0.1078
03-03-2020 03:00,0.0987
03-03-2020 04:00,0.1007
03-03-2020 05:00,0.0785
03-03-2020 06:00,0.1005
03-03-2020 07:00,0.118
03-03-2020 08:00,0.1734
03-03-2020 09:00,0.1911
03-03-2020 10:00,0.1468
03-03-2020 11:00,0.1678
03-03-2020 12:00,0.1418
03-03-2020 13:00,0.1047
03-03-2020 14:00,0.1126
03-03-2020 15:00,0.1195
03-03-2020 16:00,0.109
03-03-2020 17:00,0.2396
03-03-2020 18:00,0.2366
03-03-2020 19:00,0.2053
03-03-2020 20:00,0.1208
03-03-2020 21:00,0.1514
03-03-2020 22:00,0.1086
03-03-2020 23:00,0.0928
04-03-2020 00:00,0.088
04-03-2020 01:00,0.0858
04-03-2020 02:00,0.0997
04-03-2020 03:00,0.1037
04-03-2020 04:00,0.0744
04-03-2020 05:00,0.1031
04-03-2020 06:00,0.1613
04-03-2020 07:00,0.1348
04-03-2020 08:00,0.4172
04-03-2020 09:00,0.2233
04-03-2020 10:00,0.1811
04-03-2020 11:00,0.1967
04-03-2020 12:00,0.3398
04-03-2020 13:00,0.2189
04-03-2020 14:00,0.1954
04-03-2020 15:00,0.2004
04-03-2020 16:00,0.2059
04-03-2020 17:00,0.2495
04-03-2020 18:00,0.2572
04-03-2020 19:00,0.4195
04-03-2020 20:00,0.2932
04-03-2020 21:00,0.2256
04-03-2020 22:00,0.2238
04-03-2020 23:00,0.0905
05-03-2020 00:00,0.091
05-03-2020 01:00,0.0918
05-03-2020 02:00,0.0975
05-03-2020 03:00,0.1018
05-03-2020 04:00,0.0978
05-03-2020 05:00,0.08
05-03-2020 06:00,0.1034
05-03-2020 07:00,0.1365
05-03-2020 08:00,0.1815
05-03-2020 09:00,0.1386
05-03-2020 10:00,0.1802
05-03-2020 11:00,0.4331
05-03-2020 12:00,0.5725
05-03-2020 13:00,0.0277
05-03-2020 14:00,0.0233
05-03-2020 15:00,0.1492
05-03-2020 16:00,0.1429
05-03-2020 17:00,0.2031
05-03-2020 18:00,0.2846
05-03-2020 19:00,0.2863
05-03-2020 20:00,0.1801
05-03-2020 21:00,0.2455
05-03-2020 22:00,0.2424
05-03-2020 23:00,0.1629
06-03-2020 00:00,0.0963
06-03-2020 01:00,0.1072
06-03-2020 02:00,0.1021
06-03-2020 03:00,0.0886
06-03-2020 04:00,0.0818
06-03-2020 05:00,0.1046
06-03-2020 06:00,0.1035
06-03-2020 07:00,0.1693
06-03-2020 08:00,0.246
06-03-2020 09:00,0.1614
06-03-2020 10:00,0.2089
06-03-2020 11:00,0.1673
06-03-2020 12:00,0.2218
06-03-2020 13:00,0.1235
06-03-2020 14:00,0.1267
06-03-2020 15:00,0.1437
06-03-2020 16:00,0.2392
06-03-2020 17:00,0.2897
06-03-2020 18:00,0.4375
06-03-2020 19:00,0.4062
06-03-2020 20:00,0.2451
06-03-2020 21:00,0.2251
06-03-2020 22:00,0.1782
06-03-2020 23:00,0.1043
07-03-2020 00:00,0.0863
07-03-2020 01:00,0.0971
07-03-2020 02:00,0.0967
07-03-2020 03:00,0.0926
07-03-2020 04:00,0.1036
07-03-2020 05:00,0.0743
07-03-2020 06:00,0.1073
07-03-2020 07:00,0.101
07-03-2020 08:00,0.1498
07-03-2020 09:00,0.1684
07-03-2020 10:00,0.7294
07-03-2020 11:00,1.1159
07-03-2020 12:00,0.1832
07-03-2020 13:00,0.1349
07-03-2020 14:00,0.1926
07-03-2020 15:00,0.2159
07-03-2020 16:00,0.2176
07-03-2020 17:00,0.2772
07-03-2020 18:00,0.7731
07-03-2020 19:00,0.8262
07-03-2020 20:00,0.2698
07-03-2020 21:00,0.2284
07-03-2020 22:00,0.0945
07-03-2020 23:00,0.0909
08-03-2020 00:00,0.0924
08-03-2020 01:00,0.1039
08-03-2020 02:00,0.0997
08-03-2020 03:00,0.0923
08-03-2020 04:00,0.0772
08-03-2020 05:00,0.1006
08-03-2020 06:00,0.092
08-03-2020 07:00,0.1039
08-03-2020 08:00,0.1574
08-03-2020 09:00,0.1842
08-03-2020 10:00,0.4697
08-03-2020 11:00,0.8552
08-03-2020 12:00,0.1024
08-03-2020 13:00,0.0857
08-03-2020 14:00,0.1227
08-03-2020 15:00,0.1193
08-03-2020 16:00,0.1121
08-03-2020 17:00,0.2005
08-03-2020 18:00,0.2966
08-03-2020 19:00,0.2756
08-03-2020 20:00,0.367
08-03-2020 21:00,0.3717
08-03-2020 22:00,0.189
08-03-2020 23:00,0.0908
09-03-2020 00:00,0.0859
09-03-2020 01:00,0.0863
09-03-2020 02:00,0.0971
09-03-2020 03:00,0.1021
09-03-2020 04:00,0.0911
09-03-2020 05:00,0.0768
09-03-2020 06:00,0.1101
09-03-2020 07:00,0.1804
09-03-2020 08:00,0.1564
09-03-2020 09:00,0.1239
09-03-2020 10:00,0.1436
09-03-2020 11:00,0.3537
09-03-2020 12:00,0.2678
09-03-2020 13:00,0.1139
09-03-2020 14:00,0.1619
09-03-2020 15:00,0.1566
09-03-2020 16:00,0.1236
09-03-2020 17:00,0.563
09-03-2020 18:00,0.1717
09-03-2020 19:00,0.2861
09-03-2020 20:00,0.3218
09-03-2020 21:00,0.2394
09-03-2020 22:00,0.1024
09-03-2020 23:00,0.0914
10-03-2020 00:00,0.0848
10-03-2020 01:00,0.097
10-03-2020 02:00,0.1024
10-03-2020 03:00,0.0994
10-03-2020 04:00,0.0771
10-03-2020 05:00,0.1048
10-03-2020 06:00,0.0918
10-03-2020 07:00,0.1345
10-03-2020 08:00,0.1076
10-03-2020 09:00,0.193
10-03-2020 10:00,0.1552
10-03-2020 11:00,0.2667
10-03-2020 12:00,0.1343
10-03-2020 13:00,0.1452
10-03-2020 14:00,0.1493
10-03-2020 15:00,0.0887
10-03-2020 16:00,0.1243
10-03-2020 17:00,0.1377
10-03-2020 18:00,0.723
10-03-2020 19:00,0.2727
10-03-2020 20:00,0.2838
10-03-2020 21:00,0.2919
10-03-2020 22:00,0.2575
10-03-2020 23:00,0.0975
11-03-2020 00:00,0.0991
11-03-2020 01:00,0.1034
11-03-2020 02:00,0.09
11-03-2020 03:00,0.0798
11-03-2020 04:00,0.0946
11-03-2020 05:00,0.0922
11-03-2020 06:00,0.1215
11-03-2020 07:00,0.1802
11-03-2020 08:00,0.1434
11-03-2020 09:00,0.1368
11-03-2020 10:00,0.148
11-03-2020 11:00,0.827
11-03-2020 12:00,0.1527
11-03-2020 13:00,0.1251
11-03-2020 14:00,0.2194
11-03-2020 15:00,0.1046
11-03-2020 16:00,0.1345
11-03-2020 17:00,0.1672
11-03-2020 18:00,0.7259
11-03-2020 19:00,0.4195
11-03-2020 20:00,0.2831
11-03-2020 21:00,0.2203
11-03-2020 22:00,0.1067
11-03-2020 23:00,0.1013
12-03-2020 00:00,0.1015
12-03-2020 01:00,0.0887
12-03-2020 02:00,0.0797
12-03-2020 03:00,0.0987
12-03-2020 04:00,0.0989
12-03-2020 05:00,0.0947
12-03-2020 06:00,0.0832
12-03-2020 07:00,0.18
12-03-2020 08:00,0.604
12-03-2020 09:00,0.1911
12-03-2020 10:00,0.4318
12-03-2020 11:00,0.1365
12-03-2020 12:00,0.1592
12-03-2020 13:00,0.1322
12-03-2020 14:00,0.1283
12-03-2020 15:00,0.1524
12-03-2020 16:00,0.1328
12-03-2020 17:00,0.2573
12-03-2020 18:00,0.9762
12-03-2020 19:00,0.2857
12-03-2020 20:00,0.2406
12-03-2020 21:00,0.2384
12-03-2020 22:00,0.0992
12-03-2020 23:00,0.0848
13-03-2020 00:00,0.0849
13-03-2020 01:00,0.0858
13-03-2020 02:00,0.0828
13-03-2020 03:00,0.08
13-03-2020 04:00,0.0838
13-03-2020 05:00,0.0928
13-03-2020 06:00,0.0976
13-03-2020 07:00,0.1863
13-03-2020 08:00,0.1329
13-03-2020 09:00,0.1272
13-03-2020 10:00,0.1387
13-03-2020 11:00,0.1858
13-03-2020 12:00,0.8315
13-03-2020 13:00,0.1769
13-03-2020 14:00,0.129
13-03-2020 15:00,0.1718
13-03-2020 16:00,0.1361
13-03-2020 17:00,0.1237
13-03-2020 18:00,0.1884
13-03-2020 19:00,0.2738
13-03-2020 20:00,0.3006
13-03-2020 21:00,0.277
13-03-2020 22:00,0.1552
13-03-2020 23:00,0.0967
14-03-2020 00:00,0.1012
14-03-2020 01:00,0.1058
14-03-2020 02:00,0.0962
14-03-2020 03:00,0.1073
14-03-2020 04:00,0.1024
14-03-2020 05:00,0.0993
14-03-2020 06:00,0.0979
14-03-2020 07:00,0.2055
14-03-2020 08:00,0.1608
14-03-2020 09:00,0.1407
14-03-2020 10:00,0.142
14-03-2020 11:00,0.1687
14-03-2020 12:00,0.1996
14-03-2020 13:00,0.2737
14-03-2020 14:00,0.1344
14-03-2020 15:00,0.1674
14-03-2020 16:00,0.1626
14-03-2020 17:00,0.1419
14-03-2020 18:00,0.1686
14-03-2020 19:00,0.1855
14-03-2020 20:00,0.2667
14-03-2020 21:00,0.1921
14-03-2020 22:00,0.1113
14-03-2020 23:00,0.106
15-03-2020 00:00,0.0932
15-03-2020 01:00,0.0617
15-03-2020 02:00,0.05
15-03-2020 03:00,0.0456
15-03-2020 04:00,0.0438
15-03-2020 05:00,0.0412
15-03-2020 06:00,0.046
15-03-2020 07:00,0.3635
15-03-2020 08:00,0.1602
15-03-2020 09:00,0.086
15-03-2020 10:00,0.0839
15-03-2020 11:00,0.0761
15-03-2020 12:00,0.3364
15-03-2020 13:00,0.0756
15-03-2020 14:00,0.0552
15-03-2020 15:00,0.0644
15-03-2020 16:00,0.0988
15-03-2020 17:00,0.1401
15-03-2020 18:00,0.1375
15-03-2020 19:00,0.1336
15-03-2020 20:00,0.211
15-03-2020 21:00,0.1204
15-03-2020 22:00,0.0998
15-03-2020 23:00,0.0471
16-03-2020 00:00,0.0521
16-03-2020 01:00,0.0436
16-03-2020 02:00,0.0449
16-03-2020 03:00,0.046
16-03-2020 04:00,0.0515
16-03-2020 05:00,0.049
16-03-2020 06:00,0.052
16-03-2020 07:00,0.0955
16-03-2020 08:00,0.0787
16-03-2020 09:00,0.0835
16-03-2020 10:00,0.0849
16-03-2020 11:00,0.1177
16-03-2020 12:00,0.1548
16-03-2020 13:00,0.0687
16-03-2020 14:00,0.2516
16-03-2020 15:00,0.1311
16-03-2020 16:00,0.0961
16-03-2020 17:00,0.2065
16-03-2020 18:00,0.4205
16-03-2020 19:00,0.2957
16-03-2020 20:00,0.2544
16-03-2020 21:00,0.1912
16-03-2020 22:00,0.0943
16-03-2020 23:00,0.0986
17-03-2020 00:00,0.0943
17-03-2020 01:00,0.0976
17-03-2020 02:00,0.0933
17-03-2020 03:00,0.106
17-03-2020 04:00,0.0941
17-03-2020 05:00,0.0845
17-03-2020 06:00,0.0866
17-03-2020 07:00,0.4841
17-03-2020 08:00,0.7625
17-03-2020 09:00,0.3814
17-03-2020 10:00,0.1081
17-03-2020 11:00,0.1666
17-03-2020 12:00,0.1195
17-03-2020 13:00,0.1845
17-03-2020 14:00,0.1123
17-03-2020 15:00,0.1601
17-03-2020 16:00,0.1533
17-03-2020 17:00,0.2111
17-03-2020 18:00,0.2126
17-03-2020 19:00,0.2631
17-03-2020 20:00,0.291
17-03-2020 21:00,0.2207
17-03-2020 22:00,0.1415
17-03-2020 23:00,0.0968
18-03-2020 00:00,0.0925
18-03-2020 01:00,0.1044
18-03-2020 02:00,0.0841
18-03-2020 03:00,0.084
18-03-2020 04:00,0.0924
18-03-2020 05:00,0.1065
18-03-2020 06:00,0.1423
18-03-2020 07:00,0.1262
18-03-2020 08:00,0.1283
18-03-2020 09:00,0.1509
18-03-2020 10:00,0.1269
18-03-2020 11:00,0.1476
18-03-2020 12:00,0.2113
18-03-2020 13:00,0.1068
18-03-2020 14:00,0.0875
18-03-2020 15:00,0.113
18-03-2020 16:00,0.157
18-03-2020 17:00,0.2039
18-03-2020 18:00,0.2422
18-03-2020 19:00,0.3784
18-03-2020 20:00,0.2433
18-03-2020 21:00,0.3021
18-03-2020 22:00,0.3013
18-03-2020 23:00,0.028
19-03-2020 00:00,0.055
19-03-2020 01:00,0.0722
19-03-2020 02:00,0.0641
19-03-2020 03:00,0.0476
19-03-2020 04:00,0.0729
19-03-2020 05:00,0.0487
19-03-2020 06:00,0.068
19-03-2020 07:00,0.1833
19-03-2020 08:00,0.2566
19-03-2020 09:00,0.6189
19-03-2020 10:00,0.1427
19-03-2020 11:00,0.1153
19-03-2020 12:00,0.0835
19-03-2020 13:00,0.1103
19-03-2020 14:00,0.1841
19-03-2020 15:00,0.1524
19-03-2020 16:00,0.1328
19-03-2020 17:00,0.7941
19-03-2020 18:00,0.2489
19-03-2020 19:00,0.2246
19-03-2020 20:00,0.2436
19-03-2020 21:00,0.2384
19-03-2020 22:00,0.0992
19-03-2020 23:00,0.3611
20-03-2020 00:00,0.0687
20-03-2020 01:00,0.0589
20-03-2020 02:00,0.0418
20-03-2020 03:00,0.07
20-03-2020 04:00,0.0583
20-03-2020 05:00,0.0618
20-03-2020 06:00,0.0957
20-03-2020 07:00,0.528
20-03-2020 08:00,0.1205
20-03-2020 09:00,0.1243
20-03-2020 10:00,0.531
20-03-2020 11:00,0.5109
20-03-2020 12:00,0.1967
20-03-2020 13:00,0.0896
20-03-2020 14:00,0.1114
20-03-2020 15:00,0.102
20-03-2020 16:00,0.1777
20-03-2020 17:00,0.2118
20-03-2020 18:00,0.222
20-03-2020 19:00,0.372
20-03-2020 20:00,0.2196
20-03-2020 21:00,0.1644
20-03-2020 22:00,0.0785
20-03-2020 23:00,0.0656
21-03-2020 00:00,0.0587
21-03-2020 01:00,0.0547
21-03-2020 02:00,0.0592
21-03-2020 03:00,0.0659
21-03-2020 04:00,0.0717
21-03-2020 05:00,0.0611
21-03-2020 06:00,0.062
21-03-2020 07:00,0.131
21-03-2020 08:00,0.1272
21-03-2020 09:00,0.0963
21-03-2020 10:00,0.1389
21-03-2020 11:00,0.1248
21-03-2020 12:00,0.117
21-03-2020 13:00,0.0893
21-03-2020 14:00,0.0876
21-03-2020 15:00,0.0956
21-03-2020 16:00,0.1232
21-03-2020 17:00,0.1805
21-03-2020 18:00,0.1893
21-03-2020 19:00,0.1589
21-03-2020 20:00,0.2424
21-03-2020 21:00,0.2435
21-03-2020 22:00,0.2123
21-03-2020 23:00,0.0655
22-03-2020 00:00,0.072
22-03-2020 01:00,0.0595
22-03-2020 02:00,0.0453
22-03-2020 03:00,0.0619
22-03-2020 04:00,0.0587
22-03-2020 05:00,0.0678
22-03-2020 06:00,0.0615
22-03-2020 07:00,0.5254
22-03-2020 08:00,0.1628
22-03-2020 09:00,0.7775
22-03-2020 10:00,0.1371
22-03-2020 11:00,0.1097
22-03-2020 12:00,0.099
22-03-2020 13:00,0.0929
22-03-2020 14:00,0.0885
22-03-2020 15:00,0.0979
22-03-2020 16:00,0.1029
22-03-2020 17:00,0.1389
22-03-2020 18:00,0.2411
22-03-2020 19:00,0.1971
22-03-2020 20:00,0.3526
22-03-2020 21:00,0.2072
22-03-2020 22:00,0.1611
22-03-2020 23:00,0.0918
23-03-2020 00:00,0.0528
23-03-2020 01:00,0.0546
23-03-2020 02:00,0.0643
23-03-2020 03:00,0.1648
23-03-2020 04:00,0.1578
23-03-2020 05:00,0.1598
23-03-2020 06:00,0.1563
23-03-2020 07:00,0.1707
23-03-2020 08:00,0.1641
23-03-2020 09:00,0.1331
23-03-2020 10:00,0.6018
23-03-2020 11:00,0.1255
23-03-2020 12:00,0.2375
23-03-2020 13:00,0.1053
23-03-2020 14:00,0.0937
23-03-2020 15:00,0.1123
23-03-2020 16:00,0.1081
23-03-2020 17:00,0.1795
23-03-2020 18:00,0.274
23-03-2020 19:00,0.8129
23-03-2020 20:00,0.2266
23-03-2020 21:00,0.229
23-03-2020 22:00,0.1394
23-03-2020 23:00,0.0661
24-03-2020 00:00,0.0564
24-03-2020 01:00,0.0513
24-03-2020 02:00,0.0624
24-03-2020 03:00,0.0669
24-03-2020 04:00,0.0634
24-03-2020 05:00,0.058
24-03-2020 06:00,0.0542
24-03-2020 07:00,0.1165
24-03-2020 08:00,0.2298
24-03-2020 09:00,0.1367
24-03-2020 10:00,0.109
24-03-2020 11:00,0.139
24-03-2020 12:00,0.1655
24-03-2020 13:00,0.1397
24-03-2020 14:00,0.0888
24-03-2020 15:00,0.1874
24-03-2020 16:00,0.1893
24-03-2020 17:00,0.2142
24-03-2020 18:00,0.2006
24-03-2020 19:00,0.2133
24-03-2020 20:00,0.25
24-03-2020 21:00,0.1966
24-03-2020 22:00,0.0653
24-03-2020 23:00,0.0635
25-03-2020 00:00,0.0446
25-03-2020 01:00,0.055
25-03-2020 02:00,0.0737
25-03-2020 03:00,0.0505
25-03-2020 04:00,0.05
25-03-2020 05:00,0.0645
25-03-2020 06:00,0.0611
25-03-2020 07:00,0.1419
25-03-2020 08:00,0.138
25-03-2020 09:00,0.1482
25-03-2020 10:00,0.6772
25-03-2020 11:00,0.5129
25-03-2020 12:00,0.3071
25-03-2020 13:00,0.3282
25-03-2020 14:00,0.1705
25-03-2020 15:00,0.219
25-03-2020 16:00,0.2199
25-03-2020 17:00,0.2282
25-03-2020 18:00,0.2138
25-03-2020 19:00,0.2505
25-03-2020 20:00,0.2327
25-03-2020 21:00,0.1549
25-03-2020 22:00,0.088
25-03-2020 23:00,0.0524
26-03-2020 00:00,0.055
26-03-2020 01:00,0.0722
26-03-2020 02:00,0.0641
26-03-2020 03:00,0.0476
26-03-2020 04:00,0.0729
26-03-2020 05:00,0.0487
26-03-2020 06:00,0.068
26-03-2020 07:00,0.1833
26-03-2020 08:00,0.2566
26-03-2020 09:00,0.6189
26-03-2020 10:00,0.1427
26-03-2020 11:00,0.1153
26-03-2020 12:00,0.0835
26-03-2020 13:00,0.1103
26-03-2020 14:00,0.1841
26-03-2020 15:00,0.1524
26-03-2020 16:00,0.1328
26-03-2020 17:00,0.7941
26-03-2020 18:00,0.2489
26-03-2020 19:00,0.2246
26-03-2020 20:00,0.2436
26-03-2020 21:00,0.2384
26-03-2020 22:00,0.0992
26-03-2020 23:00,0.3611
27-03-2020 00:00,0.0617
27-03-2020 01:00,0.0638
27-03-2020 02:00,0.0407
27-03-2020 03:00,0.0689
27-03-2020 04:00,0.068
27-03-2020 05:00,0.0463
27-03-2020 06:00,0.0639
27-03-2020 07:00,0.0754
27-03-2020 08:00,0.166
27-03-2020 09:00,0.1463
27-03-2020 10:00,0.0968
27-03-2020 11:00,0.7459
27-03-2020 12:00,0.1605
27-03-2020 13:00,0.0827
27-03-2020 14:00,0.1223
27-03-2020 15:00,0.2081
27-03-2020 16:00,0.179
27-03-2020 17:00,0.2624
27-03-2020 18:00,0.2471
27-03-2020 19:00,0.3162
27-03-2020 20:00,0.2285
27-03-2020 21:00,0.1948
27-03-2020 22:00,0.1685
27-03-2020 23:00,0.1134
28-03-2020 00:00,0.0637
28-03-2020 01:00,0.0736
28-03-2020 02:00,0.0615
28-03-2020 03:00,0.0417
28-03-2020 04:00,0.0678
28-03-2020 05:00,0.0694
28-03-2020 06:00,0.0412
28-03-2020 07:00,0.1735
28-03-2020 08:00,0.1435
28-03-2020 09:00,0.8624
28-03-2020 10:00,0.4545
28-03-2020 11:00,0.1536
28-03-2020 12:00,0.0984
28-03-2020 13:00,0.0754
28-03-2020 14:00,0.1651
28-03-2020 15:00,0.16
28-03-2020 16:00,0.2193
28-03-2020 17:00,0.2346
28-03-2020 18:00,0.2627
28-03-2020 19:00,0.263
28-03-2020 20:00,0.2408
28-03-2020 21:00,0.2385
28-03-2020 22:00,0.2416
28-03-2020 23:00,0.1435
29-03-2020 00:00,0.0851
29-03-2020 01:00,0.086
29-03-2020 02:00,0.0955
29-03-2020 03:00,0.0988
29-03-2020 04:00,0.0965
29-03-2020 05:00,0.0912
29-03-2020 06:00,0.0771
29-03-2020 07:00,0.106
29-03-2020 08:00,0.1607
29-03-2020 09:00,0.1144
29-03-2020 10:00,0.1424
29-03-2020 11:00,0.1333
29-03-2020 12:00,0.1497
29-03-2020 13:00,0.1127
29-03-2020 14:00,0.0914
29-03-2020 15:00,0.1206
29-03-2020 16:00,0.0999
29-03-2020 17:00,0.1222
29-03-2020 18:00,0.2892
29-03-2020 19:00,0.3776
29-03-2020 20:00,0.348
29-03-2020 21:00,0.2115
29-03-2020 22:00,0.1859
29-03-2020 23:00,0.1237
30-03-2020 00:00,0.1064
30-03-2020 01:00,0.0872
30-03-2020 02:00,0.0815
30-03-2020 03:00,0.0935
30-03-2020 04:00,0.1058
30-03-2020 05:00,0.0965
30-03-2020 06:00,0.0758
30-03-2020 07:00,0.0919
30-03-2020 08:00,0.1585
30-03-2020 09:00,0.1657
30-03-2020 10:00,0.1233
30-03-2020 11:00,0.1572
30-03-2020 12:00,0.1195
30-03-2020 13:00,0.1098
30-03-2020 14:00,0.1227
30-03-2020 15:00,0.1154
30-03-2020 16:00,0.1397
30-03-2020 17:00,0.1315
30-03-2020 18:00,0.2518
30-03-2020 19:00,0.23
30-03-2020 20:00,0.2457
30-03-2020 21:00,0.3053
30-03-2020 22:00,0.1036
30-03-2020 23:00,0.0933
31-03-2020 00:00,0.0981
31-03-2020 01:00,0.0922
31-03-2020 02:00,0.0817
31-03-2020 03:00,0.0968
31-03-2020 04:00,0.0973
31-03-2020 05:00,0.0926
31-03-2020 06:00,0.1668
31-03-2020 07:00,0.1203
31-03-2020 08:00,0.1481
31-03-2020 09:00,0.6598
31-03-2020 10:00,0.1027
31-03-2020 11:00,0.2085
31-03-2020 12:00,0.1085
31-03-2020 13:00,0.0554
31-03-2020 14:00,0.0812
31-03-2020 15:00,0.1442
31-03-2020 16:00,0.1289
31-03-2020 17:00,0.1603
31-03-2020 18:00,0.9559
31-03-2020 19:00,0.247
31-03-2020 20:00,0.2485
31-03-2020 21:00,0.2566
31-03-2020 22:00,0.2134
31-03-2020 23:00,0.1565
